,A_1,tau_1,gamma_1,A_2,tau_2,gamma_2
IXS,0.33815216458192077,0.153078802673279,2.0969184993992465,0.11970536050241683,0.49975112982601866,1.4515392651862087
SPC/E,0.3411015289043902,0.13024728491062196,1.8451563136112479,0.13985714228246648,0.34755109448245664,1.403445512502614
TIP3P_EW,0.2966985351700016,0.12762096055180644,1.9654694916469617,0.1679322477683796,0.2595109215431407,1.5400045201336132
BK3,0.36925785991308463,0.13191892243934006,1.9880120035964546,0.12246621454750764,0.32622598891948656,1.421848097001703
CHON-2017_weak,0.3303263356336339,0.1351940764251015,2.005269628601645,0.14756166330968182,0.3037122557151983,1.5057208611892734
3obw,0.4361220246575932,0.15352806710782566,1.6548226549541527,0.0661881700350977,0.4099548411179436,1.4260260253170267
optB88,0.42284644720554254,0.1241535241315603,1.9389209498346087,0.06346814410875705,4.166593929333143,1.1852058207112663
optB88 (330K),0.3838178910088604,0.1225099352243077,1.9911628096920742,0.05876511908875014,0.4738026641017533,1.3062010122896752
