Model,$A_{1}$,$\tau_{1}$,$\gamma_{1}$,$A_{2}$,$\tau_{2}$,$\gamma_{2}$
IXS,0.33815216458192077,0.153078802673279,2.0969184993992465,0.11970536050241683,0.49975112982601866,1.4515392651862087
SPC/E (CMD),0.33009558663230587,0.1285971631466761,1.8781441937888617,0.15057449030221684,0.33663318247456203,1.3842719051937749
TIP3P\_EW (CMD),0.29020615012152545,0.12667824904591818,1.9734053577832544,0.17405325099601776,0.2558826744426131,1.5465662507101516
BK3 (Polarizable CMD),0.3723455959593803,0.13255671828592056,1.9693131249454126,0.11962175615712929,0.3307432385862852,1.4033703266820445
CHON-2017\_weak (ReaxFF),0.32378197057979796,0.1344807215199007,2.016931606542309,0.15408144314550937,0.2958907805527744,1.5045966314929702
3obw (DFTB),0.4067282907898188,0.14796509734014407,1.7019696017648678,0.09440560550385477,0.35163953631633915,1.471349842843712
optB88 (AIMD),0.42986719135853524,0.12297491745180085,1.9779597231547876,0.0649942598839889,20.40401020761414,1.1667160008082407
optB88 at 330 K (AIMD),0.3825378961485009,0.12245718797929678,1.9992247001317627,0.05985320238833157,0.47060486136666674,1.3036199058480273
