,A_1,tau_1,gamma_1,A_2,tau_2,gamma_2
IXS,0.33004231725361677,0.15288715563567773,2.118983411700794,0.1279475833293484,0.47525003875828137,1.3600701239628241
SPC/E,0.3458128134236129,0.1331041333835913,1.8135148884658558,0.1365154783065195,0.34726577760924693,1.2819094991334843
TIP3P_EW,0.3196344335218468,0.1323647961457097,1.8963823694421496,0.1463109248717715,0.26936743995994267,1.4593391951027155
BK3,0.377880623507137,0.13392468768452903,1.9534030893212182,0.11477709675011623,0.3353462883088037,1.3470096806298628
CHON-2017_weak,0.34144892437568847,0.1378496631180098,1.965991600720648,0.13722781652584384,0.31160008653012167,1.4397071506558095
3obw,0.4361220246575932,0.15352806710782566,1.6548226549541527,0.0661881700350977,0.4099548411179436,1.4260260253170267
optB88,0.4268914391259102,0.12480949938814996,1.9202326164103074,0.059786059906945736,1.5065338538002442,3.899938889854614
optB88 (330K),0.3857580809835468,0.12221974033746182,1.9934152153005276,0.0564868851367549,0.4830118250792804,1.457049863113449
