Model,$A_{1}$,$\tau_{1}$,$\gamma_{1}$,$A_{2}$,$\tau_{2}$,$\gamma_{2}$
IXS,0.33004231725361677,0.15288715563567773,2.118983411700794,0.1279475833293484,0.47525003875828137,1.3600701239628241
SPC/E (CMD),0.33820159006940614,0.13202832489472185,1.834658946208695,0.14407115602174134,0.3402529190174358,1.2653601936907266
TIP3P\_EW (CMD),0.31054702973641035,0.130924002265523,1.9110443480296988,0.1548536274854668,0.2639785466641856,1.4780792079968228
BK3 (Polarizable CMD),0.38728572312542264,0.13583246242917524,1.912044971738902,0.10622671943737749,0.3489826371179936,1.2856957649241627
CHON-2017\_weak (ReaxFF),0.3430172353008883,0.13853881945925453,1.9523130357192826,0.13600273542678046,0.30983692431638865,1.4208619061566996
3obw (DFTB),0.4067282907898188,0.14796509734014407,1.7019696017648678,0.09440560550385477,0.35163953631633915,1.471349842843712
optB88 (AIMD),0.4304111582532604,0.12304916487845205,1.9760686987780547,0.06447556924355313,1.094646546969213,23.657441059508407
optB88 at 330 K (AIMD),0.38534971131782364,0.1221573331971178,2.000512863844198,0.05665245602997672,0.4844242700445853,1.493747696440156
